PassengerId,Survived,Pclass,Sex,Age,SibSp,Parch,Fare,Embarked
1.0,0.0,3.0,male,22.0,1.0,0.0,7.25,S
2.0,1.0,1.0,female,38.0,1.0,0.0,71.2833,C
3.0,1.0,3.0,female,26.0,0.0,0.0,7.925,S
4.0,1.0,1.0,female,35.0,1.0,0.0,53.1,S
5.0,0.0,3.0,male,35.0,0.0,0.0,8.05,S
7.0,0.0,1.0,male,54.0,0.0,0.0,51.8625,S
8.0,0.0,3.0,male,2.0,3.0,1.0,21.075,S
9.0,1.0,3.0,female,27.0,0.0,2.0,11.1333,S
10.0,1.0,2.0,female,14.0,1.0,0.0,30.0708,C
11.0,1.0,3.0,female,4.0,1.0,1.0,16.7,S
12.0,1.0,1.0,female,58.0,0.0,0.0,26.55,S
13.0,0.0,3.0,male,20.0,0.0,0.0,8.05,S
14.0,0.0,3.0,male,39.0,1.0,5.0,31.275,S
15.0,0.0,3.0,female,14.0,0.0,0.0,7.8542,S
16.0,1.0,2.0,female,55.0,0.0,0.0,16.0,S
17.0,0.0,3.0,male,2.0,4.0,1.0,29.125,Q
19.0,0.0,3.0,female,31.0,1.0,0.0,18.0,S
21.0,0.0,2.0,male,35.0,0.0,0.0,26.0,S
22.0,1.0,2.0,male,34.0,0.0,0.0,13.0,S
23.0,1.0,3.0,female,15.0,0.0,0.0,8.0292,Q
24.0,1.0,1.0,male,28.0,0.0,0.0,35.5,S
25.0,0.0,3.0,female,8.0,3.0,1.0,21.075,S
26.0,1.0,3.0,female,38.0,1.0,5.0,31.3875,S
28.0,0.0,1.0,male,19.0,3.0,2.0,263.0,S
31.0,0.0,1.0,male,40.0,0.0,0.0,27.7208,C
34.0,0.0,2.0,male,66.0,0.0,0.0,10.5,S
35.0,0.0,1.0,male,28.0,1.0,0.0,82.1708,C
36.0,0.0,1.0,male,42.0,1.0,0.0,52.0,S
38.0,0.0,3.0,male,21.0,0.0,0.0,8.05,S
39.0,0.0,3.0,female,18.0,2.0,0.0,18.0,S
40.0,1.0,3.0,female,14.0,1.0,0.0,11.2417,C
41.0,0.0,3.0,female,40.0,1.0,0.0,9.475,S
42.0,0.0,2.0,female,27.0,1.0,0.0,21.0,S
44.0,1.0,2.0,female,3.0,1.0,2.0,41.5792,C
45.0,1.0,3.0,female,19.0,0.0,0.0,7.8792,Q
50.0,0.0,3.0,female,18.0,1.0,0.0,17.8,S
51.0,0.0,3.0,male,7.0,4.0,1.0,39.6875,S
52.0,0.0,3.0,male,21.0,0.0,0.0,7.8,S
53.0,1.0,1.0,female,49.0,1.0,0.0,76.7292,C
54.0,1.0,2.0,female,29.0,1.0,0.0,26.0,S
55.0,0.0,1.0,male,65.0,0.0,1.0,61.9792,C
57.0,1.0,2.0,female,21.0,0.0,0.0,10.5,S
58.0,0.0,3.0,male,28.5,0.0,0.0,7.2292,C
59.0,1.0,2.0,female,5.0,1.0,2.0,27.75,S
60.0,0.0,3.0,male,11.0,5.0,2.0,46.9,S
61.0,0.0,3.0,male,22.0,0.0,0.0,7.2292,C
62.0,1.0,1.0,female,38.0,0.0,0.0,80.0,
63.0,0.0,1.0,male,45.0,1.0,0.0,83.475,S
64.0,0.0,3.0,male,4.0,3.0,2.0,27.9,S
67.0,1.0,2.0,female,29.0,0.0,0.0,10.5,S
68.0,0.0,3.0,male,19.0,0.0,0.0,8.1583,S
69.0,1.0,3.0,female,17.0,4.0,2.0,7.925,S
70.0,0.0,3.0,male,26.0,2.0,0.0,8.6625,S
71.0,0.0,2.0,male,32.0,0.0,0.0,10.5,S
72.0,0.0,3.0,female,16.0,5.0,2.0,46.9,S
73.0,0.0,2.0,male,21.0,0.0,0.0,73.5,S
74.0,0.0,3.0,male,26.0,1.0,0.0,14.4542,C
75.0,1.0,3.0,male,32.0,0.0,0.0,56.4958,S
76.0,0.0,3.0,male,25.0,0.0,0.0,7.65,S
79.0,1.0,2.0,male,0.83,0.0,2.0,29.0,S
80.0,1.0,3.0,female,30.0,0.0,0.0,12.475,S
81.0,0.0,3.0,male,22.0,0.0,0.0,9.0,S
82.0,1.0,3.0,male,29.0,0.0,0.0,9.5,S
84.0,0.0,1.0,male,28.0,0.0,0.0,47.1,S
85.0,1.0,2.0,female,17.0,0.0,0.0,10.5,S
86.0,1.0,3.0,female,33.0,3.0,0.0,15.85,S
87.0,0.0,3.0,male,16.0,1.0,3.0,34.375,S
89.0,1.0,1.0,female,23.0,3.0,2.0,263.0,S
90.0,0.0,3.0,male,24.0,0.0,0.0,8.05,S
91.0,0.0,3.0,male,29.0,0.0,0.0,8.05,S
92.0,0.0,3.0,male,20.0,0.0,0.0,7.8542,S
93.0,0.0,1.0,male,46.0,1.0,0.0,61.175,S
94.0,0.0,3.0,male,26.0,1.0,2.0,20.575,S
95.0,0.0,3.0,male,59.0,0.0,0.0,7.25,S
97.0,0.0,1.0,male,71.0,0.0,0.0,34.6542,C
98.0,1.0,1.0,male,23.0,0.0,1.0,63.3583,C
99.0,1.0,2.0,female,34.0,0.0,1.0,23.0,S
100.0,0.0,2.0,male,34.0,1.0,0.0,26.0,S
101.0,0.0,3.0,female,28.0,0.0,0.0,7.8958,S
103.0,0.0,1.0,male,21.0,0.0,1.0,77.2875,S
104.0,0.0,3.0,male,33.0,0.0,0.0,8.6542,S
105.0,0.0,3.0,male,37.0,2.0,0.0,7.925,S
106.0,0.0,3.0,male,28.0,0.0,0.0,7.8958,S
107.0,1.0,3.0,female,21.0,0.0,0.0,7.65,S
109.0,0.0,3.0,male,38.0,0.0,0.0,7.8958,S
111.0,0.0,1.0,male,47.0,0.0,0.0,52.0,S
112.0,0.0,3.0,female,14.5,1.0,0.0,14.4542,C
113.0,0.0,3.0,male,22.0,0.0,0.0,8.05,S
114.0,0.0,3.0,female,20.0,1.0,0.0,9.825,S
115.0,0.0,3.0,female,17.0,0.0,0.0,14.4583,C
116.0,0.0,3.0,male,21.0,0.0,0.0,7.925,S
117.0,0.0,3.0,male,70.5,0.0,0.0,7.75,Q
118.0,0.0,2.0,male,29.0,1.0,0.0,21.0,S
119.0,0.0,1.0,male,24.0,0.0,1.0,247.5208,C
120.0,0.0,3.0,female,2.0,4.0,2.0,31.275,S
121.0,0.0,2.0,male,21.0,2.0,0.0,73.5,S
123.0,0.0,2.0,male,32.5,1.0,0.0,30.0708,C
124.0,1.0,2.0,female,32.5,0.0,0.0,13.0,S
125.0,0.0,1.0,male,54.0,0.0,1.0,77.2875,S
126.0,1.0,3.0,male,12.0,1.0,0.0,11.2417,C
128.0,1.0,3.0,male,24.0,0.0,0.0,7.1417,S
130.0,0.0,3.0,male,45.0,0.0,0.0,6.975,S
131.0,0.0,3.0,male,33.0,0.0,0.0,7.8958,C
132.0,0.0,3.0,male,20.0,0.0,0.0,7.05,S
133.0,0.0,3.0,female,47.0,1.0,0.0,14.5,S
134.0,1.0,2.0,female,29.0,1.0,0.0,26.0,S
135.0,0.0,2.0,male,25.0,0.0,0.0,13.0,S
136.0,0.0,2.0,male,23.0,0.0,0.0,15.0458,C
137.0,1.0,1.0,female,19.0,0.0,2.0,26.2833,S
138.0,0.0,1.0,male,37.0,1.0,0.0,53.1,S
139.0,0.0,3.0,male,16.0,0.0,0.0,9.2167,S
140.0,0.0,1.0,male,24.0,0.0,0.0,79.2,C
142.0,1.0,3.0,female,22.0,0.0,0.0,7.75,S
143.0,1.0,3.0,female,24.0,1.0,0.0,15.85,S
144.0,0.0,3.0,male,19.0,0.0,0.0,6.75,Q
145.0,0.0,2.0,male,18.0,0.0,0.0,11.5,S
146.0,0.0,2.0,male,19.0,1.0,1.0,36.75,S
147.0,1.0,3.0,male,27.0,0.0,0.0,7.7958,S
148.0,0.0,3.0,female,9.0,2.0,2.0,34.375,S
149.0,0.0,2.0,male,36.5,0.0,2.0,26.0,S
150.0,0.0,2.0,male,42.0,0.0,0.0,13.0,S
151.0,0.0,2.0,male,51.0,0.0,0.0,12.525,S
152.0,1.0,1.0,female,22.0,1.0,0.0,66.6,S
153.0,0.0,3.0,male,55.5,0.0,0.0,8.05,S
154.0,0.0,3.0,male,40.5,0.0,2.0,14.5,S
156.0,0.0,1.0,male,51.0,0.0,1.0,61.3792,C
157.0,1.0,3.0,female,16.0,0.0,0.0,7.7333,Q
158.0,0.0,3.0,male,30.0,0.0,0.0,8.05,S
161.0,0.0,3.0,male,44.0,0.0,1.0,16.1,S
162.0,1.0,2.0,female,40.0,0.0,0.0,15.75,S
163.0,0.0,3.0,male,26.0,0.0,0.0,7.775,S
164.0,0.0,3.0,male,17.0,0.0,0.0,8.6625,S
165.0,0.0,3.0,male,1.0,4.0,1.0,39.6875,S
166.0,1.0,3.0,male,9.0,0.0,2.0,20.525,S
168.0,0.0,3.0,female,45.0,1.0,4.0,27.9,S
170.0,0.0,3.0,male,28.0,0.0,0.0,56.4958,S
171.0,0.0,1.0,male,61.0,0.0,0.0,33.5,S
172.0,0.0,3.0,male,4.0,4.0,1.0,29.125,Q
173.0,1.0,3.0,female,1.0,1.0,1.0,11.1333,S
174.0,0.0,3.0,male,21.0,0.0,0.0,7.925,S
175.0,0.0,1.0,male,56.0,0.0,0.0,30.6958,C
176.0,0.0,3.0,male,18.0,1.0,1.0,7.8542,S
178.0,0.0,1.0,female,50.0,0.0,0.0,28.7125,C
179.0,0.0,2.0,male,30.0,0.0,0.0,13.0,S
180.0,0.0,3.0,male,36.0,0.0,0.0,0.0,S
183.0,0.0,3.0,male,9.0,4.0,2.0,31.3875,S
184.0,1.0,2.0,male,1.0,2.0,1.0,39.0,S
185.0,1.0,3.0,female,4.0,0.0,2.0,22.025,S
188.0,1.0,1.0,male,45.0,0.0,0.0,26.55,S
189.0,0.0,3.0,male,40.0,1.0,1.0,15.5,Q
190.0,0.0,3.0,male,36.0,0.0,0.0,7.8958,S
191.0,1.0,2.0,female,32.0,0.0,0.0,13.0,S
192.0,0.0,2.0,male,19.0,0.0,0.0,13.0,S
193.0,1.0,3.0,female,19.0,1.0,0.0,7.8542,S
194.0,1.0,2.0,male,3.0,1.0,1.0,26.0,S
195.0,1.0,1.0,female,44.0,0.0,0.0,27.7208,C
196.0,1.0,1.0,female,58.0,0.0,0.0,146.5208,C
198.0,0.0,3.0,male,42.0,0.0,1.0,8.4042,S
200.0,0.0,2.0,female,24.0,0.0,0.0,13.0,S
201.0,0.0,3.0,male,28.0,0.0,0.0,9.5,S
203.0,0.0,3.0,male,34.0,0.0,0.0,6.4958,S
204.0,0.0,3.0,male,45.5,0.0,0.0,7.225,C
205.0,1.0,3.0,male,18.0,0.0,0.0,8.05,S
206.0,0.0,3.0,female,2.0,0.0,1.0,10.4625,S
207.0,0.0,3.0,male,32.0,1.0,0.0,15.85,S
208.0,1.0,3.0,male,26.0,0.0,0.0,18.7875,C
209.0,1.0,3.0,female,16.0,0.0,0.0,7.75,Q
210.0,1.0,1.0,male,40.0,0.0,0.0,31.0,C
211.0,0.0,3.0,male,24.0,0.0,0.0,7.05,S
212.0,1.0,2.0,female,35.0,0.0,0.0,21.0,S
213.0,0.0,3.0,male,22.0,0.0,0.0,7.25,S
214.0,0.0,2.0,male,30.0,0.0,0.0,13.0,S
216.0,1.0,1.0,female,31.0,1.0,0.0,113.275,C
217.0,1.0,3.0,female,27.0,0.0,0.0,7.925,S
218.0,0.0,2.0,male,42.0,1.0,0.0,27.0,S
219.0,1.0,1.0,female,32.0,0.0,0.0,76.2917,C
220.0,0.0,2.0,male,30.0,0.0,0.0,10.5,S
221.0,1.0,3.0,male,16.0,0.0,0.0,8.05,S
222.0,0.0,2.0,male,27.0,0.0,0.0,13.0,S
223.0,0.0,3.0,male,51.0,0.0,0.0,8.05,S
225.0,1.0,1.0,male,38.0,1.0,0.0,90.0,S
226.0,0.0,3.0,male,22.0,0.0,0.0,9.35,S
227.0,1.0,2.0,male,19.0,0.0,0.0,10.5,S
228.0,0.0,3.0,male,20.5,0.0,0.0,7.25,S
229.0,0.0,2.0,male,18.0,0.0,0.0,13.0,S
231.0,1.0,1.0,female,35.0,1.0,0.0,83.475,S
232.0,0.0,3.0,male,29.0,0.0,0.0,7.775,S
233.0,0.0,2.0,male,59.0,0.0,0.0,13.5,S
234.0,1.0,3.0,female,5.0,4.0,2.0,31.3875,S
235.0,0.0,2.0,male,24.0,0.0,0.0,10.5,S
237.0,0.0,2.0,male,44.0,1.0,0.0,26.0,S
238.0,1.0,2.0,female,8.0,0.0,2.0,26.25,S
239.0,0.0,2.0,male,19.0,0.0,0.0,10.5,S
240.0,0.0,2.0,male,33.0,0.0,0.0,12.275,S
243.0,0.0,2.0,male,29.0,0.0,0.0,10.5,S
244.0,0.0,3.0,male,22.0,0.0,0.0,7.125,S
245.0,0.0,3.0,male,30.0,0.0,0.0,7.225,C
246.0,0.0,1.0,male,44.0,2.0,0.0,90.0,Q
247.0,0.0,3.0,female,25.0,0.0,0.0,7.775,S
248.0,1.0,2.0,female,24.0,0.0,2.0,14.5,S
249.0,1.0,1.0,male,37.0,1.0,1.0,52.5542,S
250.0,0.0,2.0,male,54.0,1.0,0.0,26.0,S
252.0,0.0,3.0,female,29.0,1.0,1.0,10.4625,S
253.0,0.0,1.0,male,62.0,0.0,0.0,26.55,S
254.0,0.0,3.0,male,30.0,1.0,0.0,16.1,S
255.0,0.0,3.0,female,41.0,0.0,2.0,20.2125,S
256.0,1.0,3.0,female,29.0,0.0,2.0,15.2458,C
258.0,1.0,1.0,female,30.0,0.0,0.0,86.5,S
259.0,1.0,1.0,female,35.0,0.0,0.0,512.3292,C
260.0,1.0,2.0,female,50.0,0.0,1.0,26.0,S
262.0,1.0,3.0,male,3.0,4.0,2.0,31.3875,S
263.0,0.0,1.0,male,52.0,1.0,1.0,79.65,S
264.0,0.0,1.0,male,40.0,0.0,0.0,0.0,S
266.0,0.0,2.0,male,36.0,0.0,0.0,10.5,S
267.0,0.0,3.0,male,16.0,4.0,1.0,39.6875,S
268.0,1.0,3.0,male,25.0,1.0,0.0,7.775,S
269.0,1.0,1.0,female,58.0,0.0,1.0,153.4625,S
270.0,1.0,1.0,female,35.0,0.0,0.0,135.6333,S
272.0,1.0,3.0,male,25.0,0.0,0.0,0.0,S
273.0,1.0,2.0,female,41.0,0.0,1.0,19.5,S
274.0,0.0,1.0,male,37.0,0.0,1.0,29.7,C
276.0,1.0,1.0,female,63.0,1.0,0.0,77.9583,S
277.0,0.0,3.0,female,45.0,0.0,0.0,7.75,S
279.0,0.0,3.0,male,7.0,4.0,1.0,29.125,Q
280.0,1.0,3.0,female,35.0,1.0,1.0,20.25,S
281.0,0.0,3.0,male,65.0,0.0,0.0,7.75,Q
282.0,0.0,3.0,male,28.0,0.0,0.0,7.8542,S
283.0,0.0,3.0,male,16.0,0.0,0.0,9.5,S
284.0,1.0,3.0,male,19.0,0.0,0.0,8.05,S
286.0,0.0,3.0,male,33.0,0.0,0.0,8.6625,C
287.0,1.0,3.0,male,30.0,0.0,0.0,9.5,S
288.0,0.0,3.0,male,22.0,0.0,0.0,7.8958,S
289.0,1.0,2.0,male,42.0,0.0,0.0,13.0,S
290.0,1.0,3.0,female,22.0,0.0,0.0,7.75,Q
291.0,1.0,1.0,female,26.0,0.0,0.0,78.85,S
292.0,1.0,1.0,female,19.0,1.0,0.0,91.0792,C
293.0,0.0,2.0,male,36.0,0.0,0.0,12.875,C
294.0,0.0,3.0,female,24.0,0.0,0.0,8.85,S
295.0,0.0,3.0,male,24.0,0.0,0.0,7.8958,S
297.0,0.0,3.0,male,23.5,0.0,0.0,7.2292,C
298.0,0.0,1.0,female,2.0,1.0,2.0,151.55,S
300.0,1.0,1.0,female,50.0,0.0,1.0,247.5208,C
303.0,0.0,3.0,male,19.0,0.0,0.0,0.0,S
306.0,1.0,1.0,male,0.92,1.0,2.0,151.55,S
308.0,1.0,1.0,female,17.0,1.0,0.0,108.9,C
309.0,0.0,2.0,male,30.0,1.0,0.0,24.0,C
310.0,1.0,1.0,female,30.0,0.0,0.0,56.9292,C
311.0,1.0,1.0,female,24.0,0.0,0.0,83.1583,C
312.0,1.0,1.0,female,18.0,2.0,2.0,262.375,C
313.0,0.0,2.0,female,26.0,1.0,1.0,26.0,S
314.0,0.0,3.0,male,28.0,0.0,0.0,7.8958,S
315.0,0.0,2.0,male,43.0,1.0,1.0,26.25,S
316.0,1.0,3.0,female,26.0,0.0,0.0,7.8542,S
317.0,1.0,2.0,female,24.0,1.0,0.0,26.0,S
318.0,0.0,2.0,male,54.0,0.0,0.0,14.0,S
319.0,1.0,1.0,female,31.0,0.0,2.0,164.8667,S
320.0,1.0,1.0,female,40.0,1.0,1.0,134.5,C
321.0,0.0,3.0,male,22.0,0.0,0.0,7.25,S
322.0,0.0,3.0,male,27.0,0.0,0.0,7.8958,S
323.0,1.0,2.0,female,30.0,0.0,0.0,12.35,Q
324.0,1.0,2.0,female,22.0,1.0,1.0,29.0,S
326.0,1.0,1.0,female,36.0,0.0,0.0,135.6333,C
327.0,0.0,3.0,male,61.0,0.0,0.0,6.2375,S
328.0,1.0,2.0,female,36.0,0.0,0.0,13.0,S
329.0,1.0,3.0,female,31.0,1.0,1.0,20.525,S
330.0,1.0,1.0,female,16.0,0.0,1.0,57.9792,C
332.0,0.0,1.0,male,45.5,0.0,0.0,28.5,S
333.0,0.0,1.0,male,38.0,0.0,1.0,153.4625,S
334.0,0.0,3.0,male,16.0,2.0,0.0,18.0,S
337.0,0.0,1.0,male,29.0,1.0,0.0,66.6,S
338.0,1.0,1.0,female,41.0,0.0,0.0,134.5,C
339.0,1.0,3.0,male,45.0,0.0,0.0,8.05,S
340.0,0.0,1.0,male,45.0,0.0,0.0,35.5,S
341.0,1.0,2.0,male,2.0,1.0,1.0,26.0,S
342.0,1.0,1.0,female,24.0,3.0,2.0,263.0,S
343.0,0.0,2.0,male,28.0,0.0,0.0,13.0,S
344.0,0.0,2.0,male,25.0,0.0,0.0,13.0,S
345.0,0.0,2.0,male,36.0,0.0,0.0,13.0,S
346.0,1.0,2.0,female,24.0,0.0,0.0,13.0,S
347.0,1.0,2.0,female,40.0,0.0,0.0,13.0,S
349.0,1.0,3.0,male,3.0,1.0,1.0,15.9,S
350.0,0.0,3.0,male,42.0,0.0,0.0,8.6625,S
351.0,0.0,3.0,male,23.0,0.0,0.0,9.225,S
353.0,0.0,3.0,male,15.0,1.0,1.0,7.2292,C
354.0,0.0,3.0,male,25.0,1.0,0.0,17.8,S
356.0,0.0,3.0,male,28.0,0.0,0.0,9.5,S
357.0,1.0,1.0,female,22.0,0.0,1.0,55.0,S
358.0,0.0,2.0,female,38.0,0.0,0.0,13.0,S
361.0,0.0,3.0,male,40.0,1.0,4.0,27.9,S
362.0,0.0,2.0,male,29.0,1.0,0.0,27.7208,C
363.0,0.0,3.0,female,45.0,0.0,1.0,14.4542,C
364.0,0.0,3.0,male,35.0,0.0,0.0,7.05,S
366.0,0.0,3.0,male,30.0,0.0,0.0,7.25,S
367.0,1.0,1.0,female,60.0,1.0,0.0,75.25,C
370.0,1.0,1.0,female,24.0,0.0,0.0,69.3,C
371.0,1.0,1.0,male,25.0,1.0,0.0,55.4417,C
372.0,0.0,3.0,male,18.0,1.0,0.0,6.4958,S
373.0,0.0,3.0,male,19.0,0.0,0.0,8.05,S
374.0,0.0,1.0,male,22.0,0.0,0.0,135.6333,C
375.0,0.0,3.0,female,3.0,3.0,1.0,21.075,S
377.0,1.0,3.0,female,22.0,0.0,0.0,7.25,S
378.0,0.0,1.0,male,27.0,0.0,2.0,211.5,C
379.0,0.0,3.0,male,20.0,0.0,0.0,4.0125,C
380.0,0.0,3.0,male,19.0,0.0,0.0,7.775,S
381.0,1.0,1.0,female,42.0,0.0,0.0,227.525,C
382.0,1.0,3.0,female,1.0,0.0,2.0,15.7417,C
383.0,0.0,3.0,male,32.0,0.0,0.0,7.925,S
384.0,1.0,1.0,female,35.0,1.0,0.0,52.0,S
386.0,0.0,2.0,male,18.0,0.0,0.0,73.5,S
387.0,0.0,3.0,male,1.0,5.0,2.0,46.9,S
388.0,1.0,2.0,female,36.0,0.0,0.0,13.0,S
390.0,1.0,2.0,female,17.0,0.0,0.0,12.0,C
391.0,1.0,1.0,male,36.0,1.0,2.0,120.0,S
392.0,1.0,3.0,male,21.0,0.0,0.0,7.7958,S
393.0,0.0,3.0,male,28.0,2.0,0.0,7.925,S
394.0,1.0,1.0,female,23.0,1.0,0.0,113.275,C
395.0,1.0,3.0,female,24.0,0.0,2.0,16.7,S
396.0,0.0,3.0,male,22.0,0.0,0.0,7.7958,S
397.0,0.0,3.0,female,31.0,0.0,0.0,7.8542,S
398.0,0.0,2.0,male,46.0,0.0,0.0,26.0,S
399.0,0.0,2.0,male,23.0,0.0,0.0,10.5,S
400.0,1.0,2.0,female,28.0,0.0,0.0,12.65,S
401.0,1.0,3.0,male,39.0,0.0,0.0,7.925,S
402.0,0.0,3.0,male,26.0,0.0,0.0,8.05,S
403.0,0.0,3.0,female,21.0,1.0,0.0,9.825,S
404.0,0.0,3.0,male,28.0,1.0,0.0,15.85,S
405.0,0.0,3.0,female,20.0,0.0,0.0,8.6625,S
406.0,0.0,2.0,male,34.0,1.0,0.0,21.0,S
407.0,0.0,3.0,male,51.0,0.0,0.0,7.75,S
408.0,1.0,2.0,male,3.0,1.0,1.0,18.75,S
409.0,0.0,3.0,male,21.0,0.0,0.0,7.775,S
413.0,1.0,1.0,female,33.0,1.0,0.0,90.0,Q
415.0,1.0,3.0,male,44.0,0.0,0.0,7.925,S
417.0,1.0,2.0,female,34.0,1.0,1.0,32.5,S
418.0,1.0,2.0,female,18.0,0.0,2.0,13.0,S
419.0,0.0,2.0,male,30.0,0.0,0.0,13.0,S
420.0,0.0,3.0,female,10.0,0.0,2.0,24.15,S
422.0,0.0,3.0,male,21.0,0.0,0.0,7.7333,Q
423.0,0.0,3.0,male,29.0,0.0,0.0,7.875,S
424.0,0.0,3.0,female,28.0,1.0,1.0,14.4,S
425.0,0.0,3.0,male,18.0,1.0,1.0,20.2125,S
427.0,1.0,2.0,female,28.0,1.0,0.0,26.0,S
428.0,1.0,2.0,female,19.0,0.0,0.0,26.0,S
430.0,1.0,3.0,male,32.0,0.0,0.0,8.05,S
431.0,1.0,1.0,male,28.0,0.0,0.0,26.55,S
433.0,1.0,2.0,female,42.0,1.0,0.0,26.0,S
434.0,0.0,3.0,male,17.0,0.0,0.0,7.125,S
435.0,0.0,1.0,male,50.0,1.0,0.0,55.9,S
436.0,1.0,1.0,female,14.0,1.0,2.0,120.0,S
437.0,0.0,3.0,female,21.0,2.0,2.0,34.375,S
438.0,1.0,2.0,female,24.0,2.0,3.0,18.75,S
439.0,0.0,1.0,male,64.0,1.0,4.0,263.0,S
440.0,0.0,2.0,male,31.0,0.0,0.0,10.5,S
441.0,1.0,2.0,female,45.0,1.0,1.0,26.25,S
442.0,0.0,3.0,male,20.0,0.0,0.0,9.5,S
443.0,0.0,3.0,male,25.0,1.0,0.0,7.775,S
444.0,1.0,2.0,female,28.0,0.0,0.0,13.0,S
446.0,1.0,1.0,male,4.0,0.0,2.0,81.8583,S
447.0,1.0,2.0,female,13.0,0.0,1.0,19.5,S
448.0,1.0,1.0,male,34.0,0.0,0.0,26.55,S
449.0,1.0,3.0,female,5.0,2.0,1.0,19.2583,C
450.0,1.0,1.0,male,52.0,0.0,0.0,30.5,S
451.0,0.0,2.0,male,36.0,1.0,2.0,27.75,S
453.0,0.0,1.0,male,30.0,0.0,0.0,27.75,C
454.0,1.0,1.0,male,49.0,1.0,0.0,89.1042,C
456.0,1.0,3.0,male,29.0,0.0,0.0,7.8958,C
457.0,0.0,1.0,male,65.0,0.0,0.0,26.55,S
459.0,1.0,2.0,female,50.0,0.0,0.0,10.5,S
461.0,1.0,1.0,male,48.0,0.0,0.0,26.55,S
462.0,0.0,3.0,male,34.0,0.0,0.0,8.05,S
463.0,0.0,1.0,male,47.0,0.0,0.0,38.5,S
464.0,0.0,2.0,male,48.0,0.0,0.0,13.0,S
466.0,0.0,3.0,male,38.0,0.0,0.0,7.05,S
468.0,0.0,1.0,male,56.0,0.0,0.0,26.55,S
470.0,1.0,3.0,female,0.75,2.0,1.0,19.2583,C
472.0,0.0,3.0,male,38.0,0.0,0.0,8.6625,S
473.0,1.0,2.0,female,33.0,1.0,2.0,27.75,S
474.0,1.0,2.0,female,23.0,0.0,0.0,13.7917,C
475.0,0.0,3.0,female,22.0,0.0,0.0,9.8375,S
477.0,0.0,2.0,male,34.0,1.0,0.0,21.0,S
478.0,0.0,3.0,male,29.0,1.0,0.0,7.0458,S
479.0,0.0,3.0,male,22.0,0.0,0.0,7.5208,S
480.0,1.0,3.0,female,2.0,0.0,1.0,12.2875,S
481.0,0.0,3.0,male,9.0,5.0,2.0,46.9,S
483.0,0.0,3.0,male,50.0,0.0,0.0,8.05,S
484.0,1.0,3.0,female,63.0,0.0,0.0,9.5875,S
485.0,1.0,1.0,male,25.0,1.0,0.0,91.0792,C
487.0,1.0,1.0,female,35.0,1.0,0.0,90.0,S
488.0,0.0,1.0,male,58.0,0.0,0.0,29.7,C
489.0,0.0,3.0,male,30.0,0.0,0.0,8.05,S
490.0,1.0,3.0,male,9.0,1.0,1.0,15.9,S
492.0,0.0,3.0,male,21.0,0.0,0.0,7.25,S
493.0,0.0,1.0,male,55.0,0.0,0.0,30.5,S
494.0,0.0,1.0,male,71.0,0.0,0.0,49.5042,C
495.0,0.0,3.0,male,21.0,0.0,0.0,8.05,S
497.0,1.0,1.0,female,54.0,1.0,0.0,78.2667,C
499.0,0.0,1.0,female,25.0,1.0,2.0,151.55,S
500.0,0.0,3.0,male,24.0,0.0,0.0,7.7958,S
501.0,0.0,3.0,male,17.0,0.0,0.0,8.6625,S
502.0,0.0,3.0,female,21.0,0.0,0.0,7.75,Q
504.0,0.0,3.0,female,37.0,0.0,0.0,9.5875,S
505.0,1.0,1.0,female,16.0,0.0,0.0,86.5,S
506.0,0.0,1.0,male,18.0,1.0,0.0,108.9,C
507.0,1.0,2.0,female,33.0,0.0,2.0,26.0,S
509.0,0.0,3.0,male,28.0,0.0,0.0,22.525,S
510.0,1.0,3.0,male,26.0,0.0,0.0,56.4958,S
511.0,1.0,3.0,male,29.0,0.0,0.0,7.75,Q
513.0,1.0,1.0,male,36.0,0.0,0.0,26.2875,S
514.0,1.0,1.0,female,54.0,1.0,0.0,59.4,C
515.0,0.0,3.0,male,24.0,0.0,0.0,7.4958,S
516.0,0.0,1.0,male,47.0,0.0,0.0,34.0208,S
517.0,1.0,2.0,female,34.0,0.0,0.0,10.5,S
519.0,1.0,2.0,female,36.0,1.0,0.0,26.0,S
520.0,0.0,3.0,male,32.0,0.0,0.0,7.8958,S
521.0,1.0,1.0,female,30.0,0.0,0.0,93.5,S
522.0,0.0,3.0,male,22.0,0.0,0.0,7.8958,S
524.0,1.0,1.0,female,44.0,0.0,1.0,57.9792,C
526.0,0.0,3.0,male,40.5,0.0,0.0,7.75,Q
527.0,1.0,2.0,female,50.0,0.0,0.0,10.5,S
529.0,0.0,3.0,male,39.0,0.0,0.0,7.925,S
530.0,0.0,2.0,male,23.0,2.0,1.0,11.5,S
531.0,1.0,2.0,female,2.0,1.0,1.0,26.0,S
533.0,0.0,3.0,male,17.0,1.0,1.0,7.2292,C
535.0,0.0,3.0,female,30.0,0.0,0.0,8.6625,S
536.0,1.0,2.0,female,7.0,0.0,2.0,26.25,S
537.0,0.0,1.0,male,45.0,0.0,0.0,26.55,S
538.0,1.0,1.0,female,30.0,0.0,0.0,106.425,C
540.0,1.0,1.0,female,22.0,0.0,2.0,49.5,C
541.0,1.0,1.0,female,36.0,0.0,2.0,71.0,S
542.0,0.0,3.0,female,9.0,4.0,2.0,31.275,S
543.0,0.0,3.0,female,11.0,4.0,2.0,31.275,S
544.0,1.0,2.0,male,32.0,1.0,0.0,26.0,S
545.0,0.0,1.0,male,50.0,1.0,0.0,106.425,C
546.0,0.0,1.0,male,64.0,0.0,0.0,26.0,S
547.0,1.0,2.0,female,19.0,1.0,0.0,26.0,S
549.0,0.0,3.0,male,33.0,1.0,1.0,20.525,S
550.0,1.0,2.0,male,8.0,1.0,1.0,36.75,S
551.0,1.0,1.0,male,17.0,0.0,2.0,110.8833,C
552.0,0.0,2.0,male,27.0,0.0,0.0,26.0,S
554.0,1.0,3.0,male,22.0,0.0,0.0,7.225,C
555.0,1.0,3.0,female,22.0,0.0,0.0,7.775,S
556.0,0.0,1.0,male,62.0,0.0,0.0,26.55,S
557.0,1.0,1.0,female,48.0,1.0,0.0,39.6,C
559.0,1.0,1.0,female,39.0,1.0,1.0,79.65,S
560.0,1.0,3.0,female,36.0,1.0,0.0,17.4,S
562.0,0.0,3.0,male,40.0,0.0,0.0,7.8958,S
563.0,0.0,2.0,male,28.0,0.0,0.0,13.5,S
566.0,0.0,3.0,male,24.0,2.0,0.0,24.15,S
567.0,0.0,3.0,male,19.0,0.0,0.0,7.8958,S
568.0,0.0,3.0,female,29.0,0.0,4.0,21.075,S
570.0,1.0,3.0,male,32.0,0.0,0.0,7.8542,S
571.0,1.0,2.0,male,62.0,0.0,0.0,10.5,S
572.0,1.0,1.0,female,53.0,2.0,0.0,51.4792,S
573.0,1.0,1.0,male,36.0,0.0,0.0,26.3875,S
575.0,0.0,3.0,male,16.0,0.0,0.0,8.05,S
576.0,0.0,3.0,male,19.0,0.0,0.0,14.5,S
577.0,1.0,2.0,female,34.0,0.0,0.0,13.0,S
578.0,1.0,1.0,female,39.0,1.0,0.0,55.9,S
580.0,1.0,3.0,male,32.0,0.0,0.0,7.925,S
581.0,1.0,2.0,female,25.0,1.0,1.0,30.0,S
582.0,1.0,1.0,female,39.0,1.0,1.0,110.8833,C
583.0,0.0,2.0,male,54.0,0.0,0.0,26.0,S
584.0,0.0,1.0,male,36.0,0.0,0.0,40.125,C
586.0,1.0,1.0,female,18.0,0.0,2.0,79.65,S
587.0,0.0,2.0,male,47.0,0.0,0.0,15.0,S
588.0,1.0,1.0,male,60.0,1.0,1.0,79.2,C
589.0,0.0,3.0,male,22.0,0.0,0.0,8.05,S
591.0,0.0,3.0,male,35.0,0.0,0.0,7.125,S
592.0,1.0,1.0,female,52.0,1.0,0.0,78.2667,C
593.0,0.0,3.0,male,47.0,0.0,0.0,7.25,S
595.0,0.0,2.0,male,37.0,1.0,0.0,26.0,S
596.0,0.0,3.0,male,36.0,1.0,1.0,24.15,S
598.0,0.0,3.0,male,49.0,0.0,0.0,0.0,S
600.0,1.0,1.0,male,49.0,1.0,0.0,56.9292,C
601.0,1.0,2.0,female,24.0,2.0,1.0,27.0,S
604.0,0.0,3.0,male,44.0,0.0,0.0,8.05,S
605.0,1.0,1.0,male,35.0,0.0,0.0,26.55,C
606.0,0.0,3.0,male,36.0,1.0,0.0,15.55,S
607.0,0.0,3.0,male,30.0,0.0,0.0,7.8958,S
608.0,1.0,1.0,male,27.0,0.0,0.0,30.5,S
609.0,1.0,2.0,female,22.0,1.0,2.0,41.5792,C
610.0,1.0,1.0,female,40.0,0.0,0.0,153.4625,S
611.0,0.0,3.0,female,39.0,1.0,5.0,31.275,S
615.0,0.0,3.0,male,35.0,0.0,0.0,8.05,S
616.0,1.0,2.0,female,24.0,1.0,2.0,65.0,S
617.0,0.0,3.0,male,34.0,1.0,1.0,14.4,S
618.0,0.0,3.0,female,26.0,1.0,0.0,16.1,S
619.0,1.0,2.0,female,4.0,2.0,1.0,39.0,S
620.0,0.0,2.0,male,26.0,0.0,0.0,10.5,S
621.0,0.0,3.0,male,27.0,1.0,0.0,14.4542,C
622.0,1.0,1.0,male,42.0,1.0,0.0,52.5542,S
623.0,1.0,3.0,male,20.0,1.0,1.0,15.7417,C
624.0,0.0,3.0,male,21.0,0.0,0.0,7.8542,S
625.0,0.0,3.0,male,21.0,0.0,0.0,16.1,S
626.0,0.0,1.0,male,61.0,0.0,0.0,32.3208,S
627.0,0.0,2.0,male,57.0,0.0,0.0,12.35,Q
628.0,1.0,1.0,female,21.0,0.0,0.0,77.9583,S
629.0,0.0,3.0,male,26.0,0.0,0.0,7.8958,S
631.0,1.0,1.0,male,80.0,0.0,0.0,30.0,S
632.0,0.0,3.0,male,51.0,0.0,0.0,7.0542,S
633.0,1.0,1.0,male,32.0,0.0,0.0,30.5,C
635.0,0.0,3.0,female,9.0,3.0,2.0,27.9,S
636.0,1.0,2.0,female,28.0,0.0,0.0,13.0,S
637.0,0.0,3.0,male,32.0,0.0,0.0,7.925,S
638.0,0.0,2.0,male,31.0,1.0,1.0,26.25,S
639.0,0.0,3.0,female,41.0,0.0,5.0,39.6875,S
641.0,0.0,3.0,male,20.0,0.0,0.0,7.8542,S
642.0,1.0,1.0,female,24.0,0.0,0.0,69.3,C
643.0,0.0,3.0,female,2.0,3.0,2.0,27.9,S
645.0,1.0,3.0,female,0.75,2.0,1.0,19.2583,C
646.0,1.0,1.0,male,48.0,1.0,0.0,76.7292,C
647.0,0.0,3.0,male,19.0,0.0,0.0,7.8958,S
648.0,1.0,1.0,male,56.0,0.0,0.0,35.5,C
650.0,1.0,3.0,female,23.0,0.0,0.0,7.55,S
652.0,1.0,2.0,female,18.0,0.0,1.0,23.0,S
653.0,0.0,3.0,male,21.0,0.0,0.0,8.4333,S
655.0,0.0,3.0,female,18.0,0.0,0.0,6.75,Q
656.0,0.0,2.0,male,24.0,2.0,0.0,73.5,S
658.0,0.0,3.0,female,32.0,1.0,1.0,15.5,Q
659.0,0.0,2.0,male,23.0,0.0,0.0,13.0,S
660.0,0.0,1.0,male,58.0,0.0,2.0,113.275,C
661.0,1.0,1.0,male,50.0,2.0,0.0,133.65,S
662.0,0.0,3.0,male,40.0,0.0,0.0,7.225,C
663.0,0.0,1.0,male,47.0,0.0,0.0,25.5875,S
664.0,0.0,3.0,male,36.0,0.0,0.0,7.4958,S
665.0,1.0,3.0,male,20.0,1.0,0.0,7.925,S
666.0,0.0,2.0,male,32.0,2.0,0.0,73.5,S
667.0,0.0,2.0,male,25.0,0.0,0.0,13.0,S
669.0,0.0,3.0,male,43.0,0.0,0.0,8.05,S
671.0,1.0,2.0,female,40.0,1.0,1.0,39.0,S
672.0,0.0,1.0,male,31.0,1.0,0.0,52.0,S
673.0,0.0,2.0,male,70.0,0.0,0.0,10.5,S
674.0,1.0,2.0,male,31.0,0.0,0.0,13.0,S
676.0,0.0,3.0,male,18.0,0.0,0.0,7.775,S
677.0,0.0,3.0,male,24.5,0.0,0.0,8.05,S
678.0,1.0,3.0,female,18.0,0.0,0.0,9.8417,S
679.0,0.0,3.0,female,43.0,1.0,6.0,46.9,S
680.0,1.0,1.0,male,36.0,0.0,1.0,512.3292,C
682.0,1.0,1.0,male,27.0,0.0,0.0,76.7292,C
683.0,0.0,3.0,male,20.0,0.0,0.0,9.225,S
684.0,0.0,3.0,male,14.0,5.0,2.0,46.9,S
685.0,0.0,2.0,male,60.0,1.0,1.0,39.0,S
686.0,0.0,2.0,male,25.0,1.0,2.0,41.5792,C
687.0,0.0,3.0,male,14.0,4.0,1.0,39.6875,S
688.0,0.0,3.0,male,19.0,0.0,0.0,10.1708,S
689.0,0.0,3.0,male,18.0,0.0,0.0,7.7958,S
690.0,1.0,1.0,female,15.0,0.0,1.0,211.3375,S
691.0,1.0,1.0,male,31.0,1.0,0.0,57.0,S
692.0,1.0,3.0,female,4.0,0.0,1.0,13.4167,C
694.0,0.0,3.0,male,25.0,0.0,0.0,7.225,C
695.0,0.0,1.0,male,60.0,0.0,0.0,26.55,S
696.0,0.0,2.0,male,52.0,0.0,0.0,13.5,S
697.0,0.0,3.0,male,44.0,0.0,0.0,8.05,S
699.0,0.0,1.0,male,49.0,1.0,1.0,110.8833,C
700.0,0.0,3.0,male,42.0,0.0,0.0,7.65,S
701.0,1.0,1.0,female,18.0,1.0,0.0,227.525,C
702.0,1.0,1.0,male,35.0,0.0,0.0,26.2875,S
703.0,0.0,3.0,female,18.0,0.0,1.0,14.4542,C
704.0,0.0,3.0,male,25.0,0.0,0.0,7.7417,Q
705.0,0.0,3.0,male,26.0,1.0,0.0,7.8542,S
706.0,0.0,2.0,male,39.0,0.0,0.0,26.0,S
707.0,1.0,2.0,female,45.0,0.0,0.0,13.5,S
708.0,1.0,1.0,male,42.0,0.0,0.0,26.2875,S
709.0,1.0,1.0,female,22.0,0.0,0.0,151.55,S
711.0,1.0,1.0,female,24.0,0.0,0.0,49.5042,C
713.0,1.0,1.0,male,48.0,1.0,0.0,52.0,S
714.0,0.0,3.0,male,29.0,0.0,0.0,9.4833,S
715.0,0.0,2.0,male,52.0,0.0,0.0,13.0,S
716.0,0.0,3.0,male,19.0,0.0,0.0,7.65,S
717.0,1.0,1.0,female,38.0,0.0,0.0,227.525,C
718.0,1.0,2.0,female,27.0,0.0,0.0,10.5,S
720.0,0.0,3.0,male,33.0,0.0,0.0,7.775,S
721.0,1.0,2.0,female,6.0,0.0,1.0,33.0,S
722.0,0.0,3.0,male,17.0,1.0,0.0,7.0542,S
723.0,0.0,2.0,male,34.0,0.0,0.0,13.0,S
724.0,0.0,2.0,male,50.0,0.0,0.0,13.0,S
725.0,1.0,1.0,male,27.0,1.0,0.0,53.1,S
726.0,0.0,3.0,male,20.0,0.0,0.0,8.6625,S
727.0,1.0,2.0,female,30.0,3.0,0.0,21.0,S
729.0,0.0,2.0,male,25.0,1.0,0.0,26.0,S
730.0,0.0,3.0,female,25.0,1.0,0.0,7.925,S
731.0,1.0,1.0,female,29.0,0.0,0.0,211.3375,S
732.0,0.0,3.0,male,11.0,0.0,0.0,18.7875,C
734.0,0.0,2.0,male,23.0,0.0,0.0,13.0,S
735.0,0.0,2.0,male,23.0,0.0,0.0,13.0,S
736.0,0.0,3.0,male,28.5,0.0,0.0,16.1,S
737.0,0.0,3.0,female,48.0,1.0,3.0,34.375,S
738.0,1.0,1.0,male,35.0,0.0,0.0,512.3292,C
742.0,0.0,1.0,male,36.0,1.0,0.0,78.85,S
743.0,1.0,1.0,female,21.0,2.0,2.0,262.375,C
744.0,0.0,3.0,male,24.0,1.0,0.0,16.1,S
745.0,1.0,3.0,male,31.0,0.0,0.0,7.925,S
746.0,0.0,1.0,male,70.0,1.0,1.0,71.0,S
747.0,0.0,3.0,male,16.0,1.0,1.0,20.25,S
748.0,1.0,2.0,female,30.0,0.0,0.0,13.0,S
749.0,0.0,1.0,male,19.0,1.0,0.0,53.1,S
750.0,0.0,3.0,male,31.0,0.0,0.0,7.75,Q
751.0,1.0,2.0,female,4.0,1.0,1.0,23.0,S
752.0,1.0,3.0,male,6.0,0.0,1.0,12.475,S
753.0,0.0,3.0,male,33.0,0.0,0.0,9.5,S
754.0,0.0,3.0,male,23.0,0.0,0.0,7.8958,S
755.0,1.0,2.0,female,48.0,1.0,2.0,65.0,S
756.0,1.0,2.0,male,0.67,1.0,1.0,14.5,S
757.0,0.0,3.0,male,28.0,0.0,0.0,7.7958,S
758.0,0.0,2.0,male,18.0,0.0,0.0,11.5,S
759.0,0.0,3.0,male,34.0,0.0,0.0,8.05,S
760.0,1.0,1.0,female,33.0,0.0,0.0,86.5,S
762.0,0.0,3.0,male,41.0,0.0,0.0,7.125,S
763.0,1.0,3.0,male,20.0,0.0,0.0,7.2292,C
764.0,1.0,1.0,female,36.0,1.0,2.0,120.0,S
765.0,0.0,3.0,male,16.0,0.0,0.0,7.775,S
766.0,1.0,1.0,female,51.0,1.0,0.0,77.9583,S
768.0,0.0,3.0,female,30.5,0.0,0.0,7.75,Q
770.0,0.0,3.0,male,32.0,0.0,0.0,8.3625,S
771.0,0.0,3.0,male,24.0,0.0,0.0,9.5,S
772.0,0.0,3.0,male,48.0,0.0,0.0,7.8542,S
773.0,0.0,2.0,female,57.0,0.0,0.0,10.5,S
775.0,1.0,2.0,female,54.0,1.0,3.0,23.0,S
776.0,0.0,3.0,male,18.0,0.0,0.0,7.75,S
778.0,1.0,3.0,female,5.0,0.0,0.0,12.475,S
780.0,1.0,1.0,female,43.0,0.0,1.0,211.3375,S
781.0,1.0,3.0,female,13.0,0.0,0.0,7.2292,C
782.0,1.0,1.0,female,17.0,1.0,0.0,57.0,S
783.0,0.0,1.0,male,29.0,0.0,0.0,30.0,S
785.0,0.0,3.0,male,25.0,0.0,0.0,7.05,S
786.0,0.0,3.0,male,25.0,0.0,0.0,7.25,S
787.0,1.0,3.0,female,18.0,0.0,0.0,7.4958,S
788.0,0.0,3.0,male,8.0,4.0,1.0,29.125,Q
789.0,1.0,3.0,male,1.0,1.0,2.0,20.575,S
790.0,0.0,1.0,male,46.0,0.0,0.0,79.2,C
792.0,0.0,2.0,male,16.0,0.0,0.0,26.0,S
795.0,0.0,3.0,male,25.0,0.0,0.0,7.8958,S
796.0,0.0,2.0,male,39.0,0.0,0.0,13.0,S
797.0,1.0,1.0,female,49.0,0.0,0.0,25.9292,S
798.0,1.0,3.0,female,31.0,0.0,0.0,8.6833,S
799.0,0.0,3.0,male,30.0,0.0,0.0,7.2292,C
800.0,0.0,3.0,female,30.0,1.0,1.0,24.15,S
801.0,0.0,2.0,male,34.0,0.0,0.0,13.0,S
802.0,1.0,2.0,female,31.0,1.0,1.0,26.25,S
803.0,1.0,1.0,male,11.0,1.0,2.0,120.0,S
804.0,1.0,3.0,male,0.42,0.0,1.0,8.5167,C
805.0,1.0,3.0,male,27.0,0.0,0.0,6.975,S
806.0,0.0,3.0,male,31.0,0.0,0.0,7.775,S
807.0,0.0,1.0,male,39.0,0.0,0.0,0.0,S
808.0,0.0,3.0,female,18.0,0.0,0.0,7.775,S
809.0,0.0,2.0,male,39.0,0.0,0.0,13.0,S
810.0,1.0,1.0,female,33.0,1.0,0.0,53.1,S
811.0,0.0,3.0,male,26.0,0.0,0.0,7.8875,S
812.0,0.0,3.0,male,39.0,0.0,0.0,24.15,S
813.0,0.0,2.0,male,35.0,0.0,0.0,10.5,S
814.0,0.0,3.0,female,6.0,4.0,2.0,31.275,S
815.0,0.0,3.0,male,30.5,0.0,0.0,8.05,S
817.0,0.0,3.0,female,23.0,0.0,0.0,7.925,S
818.0,0.0,2.0,male,31.0,1.0,1.0,37.0042,C
819.0,0.0,3.0,male,43.0,0.0,0.0,6.45,S
820.0,0.0,3.0,male,10.0,3.0,2.0,27.9,S
821.0,1.0,1.0,female,52.0,1.0,1.0,93.5,S
822.0,1.0,3.0,male,27.0,0.0,0.0,8.6625,S
823.0,0.0,1.0,male,38.0,0.0,0.0,0.0,S
824.0,1.0,3.0,female,27.0,0.0,1.0,12.475,S
825.0,0.0,3.0,male,2.0,4.0,1.0,39.6875,S
828.0,1.0,2.0,male,1.0,0.0,2.0,37.0042,C
830.0,1.0,1.0,female,62.0,0.0,0.0,80.0,
831.0,1.0,3.0,female,15.0,1.0,0.0,14.4542,C
832.0,1.0,2.0,male,0.83,1.0,1.0,18.75,S
834.0,0.0,3.0,male,23.0,0.0,0.0,7.8542,S
835.0,0.0,3.0,male,18.0,0.0,0.0,8.3,S
836.0,1.0,1.0,female,39.0,1.0,1.0,83.1583,C
837.0,0.0,3.0,male,21.0,0.0,0.0,8.6625,S
839.0,1.0,3.0,male,32.0,0.0,0.0,56.4958,S
841.0,0.0,3.0,male,20.0,0.0,0.0,7.925,S
842.0,0.0,2.0,male,16.0,0.0,0.0,10.5,S
843.0,1.0,1.0,female,30.0,0.0,0.0,31.0,C
844.0,0.0,3.0,male,34.5,0.0,0.0,6.4375,C
845.0,0.0,3.0,male,17.0,0.0,0.0,8.6625,S
846.0,0.0,3.0,male,42.0,0.0,0.0,7.55,S
848.0,0.0,3.0,male,35.0,0.0,0.0,7.8958,C
849.0,0.0,2.0,male,28.0,0.0,1.0,33.0,S
851.0,0.0,3.0,male,4.0,4.0,2.0,31.275,S
852.0,0.0,3.0,male,74.0,0.0,0.0,7.775,S
853.0,0.0,3.0,female,9.0,1.0,1.0,15.2458,C
854.0,1.0,1.0,female,16.0,0.0,1.0,39.4,S
855.0,0.0,2.0,female,44.0,1.0,0.0,26.0,S
856.0,1.0,3.0,female,18.0,0.0,1.0,9.35,S
857.0,1.0,1.0,female,45.0,1.0,1.0,164.8667,S
858.0,1.0,1.0,male,51.0,0.0,0.0,26.55,S
859.0,1.0,3.0,female,24.0,0.0,3.0,19.2583,C
861.0,0.0,3.0,male,41.0,2.0,0.0,14.1083,S
862.0,0.0,2.0,male,21.0,1.0,0.0,11.5,S
863.0,1.0,1.0,female,48.0,0.0,0.0,25.9292,S
865.0,0.0,2.0,male,24.0,0.0,0.0,13.0,S
866.0,1.0,2.0,female,42.0,0.0,0.0,13.0,S
867.0,1.0,2.0,female,27.0,1.0,0.0,13.8583,C
868.0,0.0,1.0,male,31.0,0.0,0.0,50.4958,S
870.0,1.0,3.0,male,4.0,1.0,1.0,11.1333,S
871.0,0.0,3.0,male,26.0,0.0,0.0,7.8958,S
872.0,1.0,1.0,female,47.0,1.0,1.0,52.5542,S
873.0,0.0,1.0,male,33.0,0.0,0.0,5.0,S
874.0,0.0,3.0,male,47.0,0.0,0.0,9.0,S
875.0,1.0,2.0,female,28.0,1.0,0.0,24.0,C
876.0,1.0,3.0,female,15.0,0.0,0.0,7.225,C
877.0,0.0,3.0,male,20.0,0.0,0.0,9.8458,S
878.0,0.0,3.0,male,19.0,0.0,0.0,7.8958,S
880.0,1.0,1.0,female,56.0,0.0,1.0,83.1583,C
881.0,1.0,2.0,female,25.0,0.0,1.0,26.0,S
882.0,0.0,3.0,male,33.0,0.0,0.0,7.8958,S
883.0,0.0,3.0,female,22.0,0.0,0.0,10.5167,S
884.0,0.0,2.0,male,28.0,0.0,0.0,10.5,S
885.0,0.0,3.0,male,25.0,0.0,0.0,7.05,S
886.0,0.0,3.0,female,39.0,0.0,5.0,29.125,Q
887.0,0.0,2.0,male,27.0,0.0,0.0,13.0,S
888.0,1.0,1.0,female,19.0,0.0,0.0,30.0,S
890.0,1.0,1.0,male,26.0,0.0,0.0,30.0,C
891.0,0.0,3.0,male,32.0,0.0,0.0,7.75,Q
892.0,0.0,3.0,male,34.5,0.0,0.0,7.8292,Q
893.0,1.0,3.0,female,47.0,1.0,0.0,7.0,S
894.0,0.0,2.0,male,62.0,0.0,0.0,9.6875,Q
895.0,0.0,3.0,male,27.0,0.0,0.0,8.6625,S
896.0,1.0,3.0,female,22.0,1.0,1.0,12.2875,S
897.0,0.0,3.0,male,14.0,0.0,0.0,9.225,S
898.0,1.0,3.0,female,30.0,0.0,0.0,7.6292,Q
899.0,0.0,2.0,male,26.0,1.0,1.0,29.0,S
900.0,1.0,3.0,female,18.0,0.0,0.0,7.2292,C
901.0,0.0,3.0,male,21.0,2.0,0.0,24.15,S
903.0,0.0,1.0,male,46.0,0.0,0.0,26.0,S
904.0,1.0,1.0,female,23.0,1.0,0.0,82.2667,S
905.0,0.0,2.0,male,63.0,1.0,0.0,26.0,S
906.0,1.0,1.0,female,47.0,1.0,0.0,61.175,S
907.0,1.0,2.0,female,24.0,1.0,0.0,27.7208,C
908.0,0.0,2.0,male,35.0,0.0,0.0,12.35,Q
909.0,0.0,3.0,male,21.0,0.0,0.0,7.225,C
910.0,1.0,3.0,female,27.0,1.0,0.0,7.925,S
911.0,1.0,3.0,female,45.0,0.0,0.0,7.225,C
912.0,0.0,1.0,male,55.0,1.0,0.0,59.4,C
913.0,0.0,3.0,male,9.0,0.0,1.0,3.1708,S
915.0,0.0,1.0,male,21.0,0.0,1.0,61.3792,C
916.0,1.0,1.0,female,48.0,1.0,3.0,262.375,C
917.0,0.0,3.0,male,50.0,1.0,0.0,14.5,S
918.0,1.0,1.0,female,22.0,0.0,1.0,61.9792,C
919.0,0.0,3.0,male,22.5,0.0,0.0,7.225,C
920.0,0.0,1.0,male,41.0,0.0,0.0,30.5,S
922.0,0.0,2.0,male,50.0,1.0,0.0,26.0,S
923.0,0.0,2.0,male,24.0,2.0,0.0,31.5,S
924.0,1.0,3.0,female,33.0,1.0,2.0,20.575,S
926.0,0.0,1.0,male,30.0,1.0,0.0,57.75,C
927.0,0.0,3.0,male,18.5,0.0,0.0,7.2292,C
929.0,1.0,3.0,female,21.0,0.0,0.0,8.6625,S
930.0,0.0,3.0,male,25.0,0.0,0.0,9.5,S
932.0,0.0,3.0,male,39.0,0.0,1.0,13.4167,C
934.0,0.0,3.0,male,41.0,0.0,0.0,7.85,S
935.0,1.0,2.0,female,30.0,0.0,0.0,13.0,S
936.0,1.0,1.0,female,45.0,1.0,0.0,52.5542,S
937.0,0.0,3.0,male,25.0,0.0,0.0,7.925,S
938.0,0.0,1.0,male,45.0,0.0,0.0,29.7,C
940.0,1.0,1.0,female,60.0,0.0,0.0,76.2917,C
941.0,1.0,3.0,female,36.0,0.0,2.0,15.9,S
942.0,0.0,1.0,male,24.0,1.0,0.0,60.0,S
943.0,0.0,2.0,male,27.0,0.0,0.0,15.0333,C
944.0,1.0,2.0,female,20.0,2.0,1.0,23.0,S
945.0,1.0,1.0,female,28.0,3.0,2.0,263.0,S
947.0,0.0,3.0,male,10.0,4.0,1.0,29.125,Q
948.0,0.0,3.0,male,35.0,0.0,0.0,7.8958,S
949.0,0.0,3.0,male,25.0,0.0,0.0,7.65,S
951.0,1.0,1.0,female,36.0,0.0,0.0,262.375,C
952.0,0.0,3.0,male,17.0,0.0,0.0,7.8958,S
953.0,0.0,2.0,male,32.0,0.0,0.0,13.5,S
954.0,0.0,3.0,male,18.0,0.0,0.0,7.75,S
955.0,1.0,3.0,female,22.0,0.0,0.0,7.725,Q
956.0,0.0,1.0,male,13.0,2.0,2.0,262.375,C
958.0,1.0,3.0,female,18.0,0.0,0.0,7.8792,Q
959.0,0.0,1.0,male,47.0,0.0,0.0,42.4,S
960.0,0.0,1.0,male,31.0,0.0,0.0,28.5375,C
961.0,1.0,1.0,female,60.0,1.0,4.0,263.0,S
962.0,1.0,3.0,female,24.0,0.0,0.0,7.75,Q
963.0,0.0,3.0,male,21.0,0.0,0.0,7.8958,S
964.0,1.0,3.0,female,29.0,0.0,0.0,7.925,S
965.0,0.0,1.0,male,28.5,0.0,0.0,27.7208,C
966.0,1.0,1.0,female,35.0,0.0,0.0,211.5,C
967.0,0.0,1.0,male,32.5,0.0,0.0,211.5,C
969.0,1.0,1.0,female,55.0,2.0,0.0,25.7,S
970.0,0.0,2.0,male,30.0,0.0,0.0,13.0,S
971.0,1.0,3.0,female,24.0,0.0,0.0,7.75,Q
972.0,0.0,3.0,male,6.0,1.0,1.0,15.2458,C
973.0,0.0,1.0,male,67.0,1.0,0.0,221.7792,S
974.0,0.0,1.0,male,49.0,0.0,0.0,26.0,S
978.0,1.0,3.0,female,27.0,0.0,0.0,7.8792,Q
979.0,1.0,3.0,female,18.0,0.0,0.0,8.05,S
981.0,0.0,2.0,male,2.0,1.0,1.0,23.0,S
982.0,1.0,3.0,female,22.0,1.0,0.0,13.9,S
984.0,1.0,1.0,female,27.0,1.0,2.0,52.0,S
986.0,0.0,1.0,male,25.0,0.0,0.0,26.0,C
987.0,0.0,3.0,male,25.0,0.0,0.0,7.7958,S
988.0,1.0,1.0,female,76.0,1.0,0.0,78.85,S
989.0,0.0,3.0,male,29.0,0.0,0.0,7.925,S
990.0,1.0,3.0,female,20.0,0.0,0.0,7.8542,S
991.0,0.0,3.0,male,33.0,0.0,0.0,8.05,S
992.0,1.0,1.0,female,43.0,1.0,0.0,55.4417,C
993.0,0.0,2.0,male,27.0,1.0,0.0,26.0,S
995.0,0.0,3.0,male,26.0,0.0,0.0,7.775,S
996.0,1.0,3.0,female,16.0,1.0,1.0,8.5167,C
997.0,0.0,3.0,male,28.0,0.0,0.0,22.525,S
998.0,0.0,3.0,male,21.0,0.0,0.0,7.8208,Q
1001.0,0.0,2.0,male,18.5,0.0,0.0,13.0,S
1002.0,0.0,2.0,male,41.0,0.0,0.0,15.0458,C
1004.0,1.0,1.0,female,36.0,0.0,0.0,31.6792,C
1005.0,1.0,3.0,female,18.5,0.0,0.0,7.2833,Q
1006.0,1.0,1.0,female,63.0,1.0,0.0,221.7792,S
1007.0,0.0,3.0,male,18.0,1.0,0.0,14.4542,C
1009.0,1.0,3.0,female,1.0,1.0,1.0,16.7,S
1010.0,0.0,1.0,male,36.0,0.0,0.0,75.2417,C
1011.0,1.0,2.0,female,29.0,1.0,0.0,26.0,S
1012.0,1.0,2.0,female,12.0,0.0,0.0,15.75,S
1014.0,1.0,1.0,female,35.0,1.0,0.0,57.75,C
1015.0,0.0,3.0,male,28.0,0.0,0.0,7.25,S
1017.0,1.0,3.0,female,17.0,0.0,1.0,16.1,S
1018.0,0.0,3.0,male,22.0,0.0,0.0,7.7958,S
1020.0,0.0,2.0,male,42.0,0.0,0.0,13.0,S
1021.0,0.0,3.0,male,24.0,0.0,0.0,8.05,S
1022.0,0.0,3.0,male,32.0,0.0,0.0,8.05,S
1023.0,0.0,1.0,male,53.0,0.0,0.0,28.5,C
1026.0,0.0,3.0,male,43.0,0.0,0.0,7.8958,S
1027.0,0.0,3.0,male,24.0,0.0,0.0,7.8542,S
1028.0,0.0,3.0,male,26.5,0.0,0.0,7.225,C
1029.0,0.0,2.0,male,26.0,0.0,0.0,13.0,S
1030.0,1.0,3.0,female,23.0,0.0,0.0,8.05,S
1031.0,0.0,3.0,male,40.0,1.0,6.0,46.9,S
1032.0,1.0,3.0,female,10.0,5.0,2.0,46.9,S
1033.0,1.0,1.0,female,33.0,0.0,0.0,151.55,S
1034.0,0.0,1.0,male,61.0,1.0,3.0,262.375,C
1035.0,0.0,2.0,male,28.0,0.0,0.0,26.0,S
1036.0,0.0,1.0,male,42.0,0.0,0.0,26.55,S
1037.0,0.0,3.0,male,31.0,3.0,0.0,18.0,S
1039.0,0.0,3.0,male,22.0,0.0,0.0,8.05,S
1041.0,0.0,2.0,male,30.0,1.0,1.0,26.0,S
1042.0,1.0,1.0,female,23.0,0.0,1.0,83.1583,C
1044.0,0.0,3.0,male,60.5,0.0,0.0,36.68608028708132,S
1045.0,1.0,3.0,female,36.0,0.0,2.0,12.1833,S
1046.0,0.0,3.0,male,13.0,4.0,2.0,31.3875,S
1047.0,0.0,3.0,male,24.0,0.0,0.0,7.55,S
1048.0,1.0,1.0,female,29.0,0.0,0.0,221.7792,S
1049.0,1.0,3.0,female,23.0,0.0,0.0,7.8542,S
1050.0,0.0,1.0,male,42.0,0.0,0.0,26.55,S
1051.0,1.0,3.0,female,26.0,0.0,2.0,13.775,S
1053.0,0.0,3.0,male,7.0,1.0,1.0,15.2458,C
1054.0,1.0,2.0,female,26.0,0.0,0.0,13.5,S
1056.0,0.0,2.0,male,41.0,0.0,0.0,13.0,S
1057.0,1.0,3.0,female,26.0,1.0,1.0,22.025,S
1058.0,0.0,1.0,male,48.0,0.0,0.0,50.4958,C
1059.0,0.0,3.0,male,18.0,2.0,2.0,34.375,S
1061.0,1.0,3.0,female,22.0,0.0,0.0,8.9625,S
1063.0,0.0,3.0,male,27.0,0.0,0.0,7.225,C
1064.0,0.0,3.0,male,23.0,1.0,0.0,13.9,S
1066.0,0.0,3.0,male,40.0,1.0,5.0,31.3875,S
1067.0,1.0,2.0,female,15.0,0.0,2.0,39.0,S
1068.0,1.0,2.0,female,20.0,0.0,0.0,36.75,S
1069.0,0.0,1.0,male,54.0,1.0,0.0,55.4417,C
1070.0,1.0,2.0,female,36.0,0.0,3.0,39.0,S
1071.0,1.0,1.0,female,64.0,0.0,2.0,83.1583,C
1072.0,0.0,2.0,male,30.0,0.0,0.0,13.0,S
1073.0,0.0,1.0,male,37.0,1.0,1.0,83.1583,C
1074.0,1.0,1.0,female,18.0,1.0,0.0,53.1,S
1076.0,1.0,1.0,female,27.0,1.0,1.0,247.5208,C
1077.0,0.0,2.0,male,40.0,0.0,0.0,16.0,S
1078.0,1.0,2.0,female,21.0,0.0,1.0,21.0,S
1079.0,0.0,3.0,male,17.0,2.0,0.0,8.05,S
1081.0,0.0,2.0,male,40.0,0.0,0.0,13.0,S
1082.0,0.0,2.0,male,34.0,1.0,0.0,26.0,S
1084.0,0.0,3.0,male,11.5,1.0,1.0,14.5,S
1085.0,0.0,2.0,male,61.0,0.0,0.0,12.35,Q
1086.0,0.0,2.0,male,8.0,0.0,2.0,32.5,S
1087.0,0.0,3.0,male,33.0,0.0,0.0,7.8542,S
1088.0,0.0,1.0,male,6.0,0.0,2.0,134.5,C
1089.0,1.0,3.0,female,18.0,0.0,0.0,7.775,S
1090.0,0.0,2.0,male,23.0,0.0,0.0,10.5,S
1093.0,0.0,3.0,male,0.33,0.0,2.0,14.4,S
1094.0,0.0,1.0,male,47.0,1.0,0.0,227.525,C
1095.0,1.0,2.0,female,8.0,1.0,1.0,26.0,S
1096.0,0.0,2.0,male,25.0,0.0,0.0,10.5,S
1098.0,1.0,3.0,female,35.0,0.0,0.0,7.75,Q
1099.0,0.0,2.0,male,24.0,0.0,0.0,10.5,S
1100.0,1.0,1.0,female,33.0,0.0,0.0,27.7208,C
1101.0,0.0,3.0,male,25.0,0.0,0.0,7.8958,S
1102.0,0.0,3.0,male,32.0,0.0,0.0,22.525,S
1104.0,0.0,2.0,male,17.0,0.0,0.0,73.5,S
1105.0,1.0,2.0,female,60.0,1.0,0.0,26.0,S
1106.0,1.0,3.0,female,38.0,4.0,2.0,7.775,S
1107.0,0.0,1.0,male,42.0,0.0,0.0,42.5,S
1109.0,0.0,1.0,male,57.0,1.0,1.0,164.8667,S
1110.0,1.0,1.0,female,50.0,1.0,1.0,211.5,C
1112.0,1.0,2.0,female,30.0,1.0,0.0,13.8583,C
1113.0,0.0,3.0,male,21.0,0.0,0.0,8.05,S
1114.0,1.0,2.0,female,22.0,0.0,0.0,10.5,S
1115.0,0.0,3.0,male,21.0,0.0,0.0,7.7958,S
1116.0,1.0,1.0,female,53.0,0.0,0.0,27.4458,C
1118.0,0.0,3.0,male,23.0,0.0,0.0,7.7958,S
1120.0,0.0,3.0,male,40.5,0.0,0.0,15.1,S
1121.0,0.0,2.0,male,36.0,0.0,0.0,13.0,S
1122.0,0.0,2.0,male,14.0,0.0,0.0,65.0,S
1123.0,1.0,1.0,female,21.0,0.0,0.0,26.55,S
1124.0,0.0,3.0,male,21.0,1.0,0.0,6.4958,S
1126.0,0.0,1.0,male,39.0,1.0,0.0,71.2833,C
1127.0,0.0,3.0,male,20.0,0.0,0.0,7.8542,S
1128.0,0.0,1.0,male,64.0,1.0,0.0,75.25,C
1129.0,0.0,3.0,male,20.0,0.0,0.0,7.225,C
1130.0,1.0,2.0,female,18.0,1.0,1.0,13.0,S
1131.0,1.0,1.0,female,48.0,1.0,0.0,106.425,C
1132.0,1.0,1.0,female,55.0,0.0,0.0,27.7208,C
1133.0,1.0,2.0,female,45.0,0.0,2.0,30.0,S
1134.0,0.0,1.0,male,45.0,1.0,1.0,134.5,C
1137.0,0.0,1.0,male,41.0,1.0,0.0,51.8625,S
1138.0,1.0,2.0,female,22.0,0.0,0.0,21.0,S
1139.0,0.0,2.0,male,42.0,1.0,1.0,32.5,S
1140.0,1.0,2.0,female,29.0,1.0,0.0,26.0,S
1142.0,1.0,2.0,female,0.92,1.0,2.0,27.75,S
1143.0,0.0,3.0,male,20.0,0.0,0.0,7.925,S
1144.0,0.0,1.0,male,27.0,1.0,0.0,136.7792,C
1145.0,0.0,3.0,male,24.0,0.0,0.0,9.325,S
1146.0,0.0,3.0,male,32.5,0.0,0.0,9.5,S
1149.0,0.0,3.0,male,28.0,0.0,0.0,8.05,S
1150.0,1.0,2.0,female,19.0,0.0,0.0,13.0,S
1151.0,0.0,3.0,male,21.0,0.0,0.0,7.775,S
1152.0,0.0,3.0,male,36.5,1.0,0.0,17.4,S
1153.0,0.0,3.0,male,21.0,0.0,0.0,7.8542,S
1154.0,1.0,2.0,female,29.0,0.0,2.0,23.0,S
1155.0,1.0,3.0,female,1.0,1.0,1.0,12.1833,S
1156.0,0.0,2.0,male,30.0,0.0,0.0,12.7375,C
1161.0,0.0,3.0,male,17.0,0.0,0.0,8.6625,S
1162.0,0.0,1.0,male,46.0,0.0,0.0,75.2417,C
1164.0,1.0,1.0,female,26.0,1.0,0.0,136.7792,C
1167.0,1.0,2.0,female,20.0,1.0,0.0,26.0,S
1168.0,0.0,2.0,male,28.0,0.0,0.0,10.5,S
1169.0,0.0,2.0,male,40.0,1.0,0.0,26.0,S
1170.0,0.0,2.0,male,30.0,1.0,0.0,21.0,S
1171.0,0.0,2.0,male,22.0,0.0,0.0,10.5,S
1172.0,1.0,3.0,female,23.0,0.0,0.0,8.6625,S
1173.0,0.0,3.0,male,0.75,1.0,1.0,13.775,S
1175.0,1.0,3.0,female,9.0,1.0,1.0,15.2458,C
1176.0,1.0,3.0,female,2.0,1.0,1.0,20.2125,S
1177.0,0.0,3.0,male,36.0,0.0,0.0,7.25,S
1179.0,0.0,1.0,male,24.0,1.0,0.0,82.2667,S
1183.0,1.0,3.0,female,30.0,0.0,0.0,6.95,Q
1185.0,0.0,1.0,male,53.0,1.0,1.0,81.8583,S
1186.0,0.0,3.0,male,36.0,0.0,0.0,9.5,S
1187.0,0.0,3.0,male,26.0,0.0,0.0,7.8958,S
1188.0,1.0,2.0,female,1.0,1.0,2.0,41.5792,C
1190.0,0.0,1.0,male,30.0,0.0,0.0,45.5,S
1191.0,0.0,3.0,male,29.0,0.0,0.0,7.8542,S
1192.0,0.0,3.0,male,32.0,0.0,0.0,7.775,S
1194.0,0.0,2.0,male,43.0,0.0,1.0,21.0,S
1195.0,0.0,3.0,male,24.0,0.0,0.0,8.6625,S
1197.0,1.0,1.0,female,64.0,1.0,1.0,26.55,S
1198.0,0.0,1.0,male,30.0,1.0,2.0,151.55,S
1199.0,0.0,3.0,male,0.83,0.0,1.0,9.35,S
1200.0,0.0,1.0,male,55.0,1.0,1.0,93.5,S
1201.0,1.0,3.0,female,45.0,1.0,0.0,14.1083,S
1202.0,0.0,3.0,male,18.0,0.0,0.0,8.6625,S
1203.0,0.0,3.0,male,22.0,0.0,0.0,7.225,C
1205.0,1.0,3.0,female,37.0,0.0,0.0,7.75,Q
1206.0,1.0,1.0,female,55.0,0.0,0.0,135.6333,C
1207.0,1.0,3.0,female,17.0,0.0,0.0,7.7333,Q
1208.0,0.0,1.0,male,57.0,1.0,0.0,146.5208,C
1209.0,0.0,2.0,male,19.0,0.0,0.0,10.5,S
1210.0,0.0,3.0,male,27.0,0.0,0.0,7.8542,S
1211.0,0.0,2.0,male,22.0,2.0,0.0,31.5,S
1212.0,0.0,3.0,male,26.0,0.0,0.0,7.775,S
1213.0,0.0,3.0,male,25.0,0.0,0.0,7.2292,C
1214.0,0.0,2.0,male,26.0,0.0,0.0,13.0,S
1215.0,0.0,1.0,male,33.0,0.0,0.0,26.55,S
1216.0,1.0,1.0,female,39.0,0.0,0.0,211.3375,S
1217.0,0.0,3.0,male,23.0,0.0,0.0,7.05,S
1218.0,1.0,2.0,female,12.0,2.0,1.0,39.0,S
1219.0,0.0,1.0,male,46.0,0.0,0.0,79.2,C
1220.0,0.0,2.0,male,29.0,1.0,0.0,26.0,S
1221.0,0.0,2.0,male,21.0,0.0,0.0,13.0,S
1222.0,1.0,2.0,female,48.0,0.0,2.0,36.75,S
1223.0,0.0,1.0,male,39.0,0.0,0.0,29.7,C
1225.0,1.0,3.0,female,19.0,1.0,1.0,15.7417,C
1226.0,0.0,3.0,male,27.0,0.0,0.0,7.8958,S
1227.0,0.0,1.0,male,30.0,0.0,0.0,26.0,S
1228.0,0.0,2.0,male,32.0,0.0,0.0,13.0,S
1229.0,0.0,3.0,male,39.0,0.0,2.0,7.2292,C
1230.0,0.0,2.0,male,25.0,0.0,0.0,31.5,S
1232.0,0.0,2.0,male,18.0,0.0,0.0,10.5,S
1233.0,0.0,3.0,male,32.0,0.0,0.0,7.5792,S
1235.0,1.0,1.0,female,58.0,0.0,1.0,512.3292,C
1237.0,1.0,3.0,female,16.0,0.0,0.0,7.65,S
1238.0,0.0,2.0,male,26.0,0.0,0.0,13.0,S
1239.0,1.0,3.0,female,38.0,0.0,0.0,7.2292,C
1240.0,0.0,2.0,male,24.0,0.0,0.0,13.5,S
1241.0,1.0,2.0,female,31.0,0.0,0.0,21.0,S
1242.0,1.0,1.0,female,45.0,0.0,1.0,63.3583,C
1243.0,0.0,2.0,male,25.0,0.0,0.0,10.5,S
1244.0,0.0,2.0,male,18.0,0.0,0.0,73.5,S
1245.0,0.0,2.0,male,49.0,1.0,2.0,65.0,S
1246.0,1.0,3.0,female,0.17,1.0,2.0,20.575,S
1247.0,0.0,1.0,male,50.0,0.0,0.0,26.0,S
1248.0,1.0,1.0,female,59.0,2.0,0.0,51.4792,S
1251.0,1.0,3.0,female,30.0,1.0,0.0,15.55,S
1252.0,0.0,3.0,male,14.5,8.0,2.0,69.55,S
1253.0,1.0,2.0,female,24.0,1.0,1.0,37.0042,C
1254.0,1.0,2.0,female,31.0,0.0,0.0,21.0,S
1255.0,0.0,3.0,male,27.0,0.0,0.0,8.6625,S
1256.0,1.0,1.0,female,25.0,1.0,0.0,55.4417,C
1259.0,1.0,3.0,female,22.0,0.0,0.0,39.6875,S
1260.0,1.0,1.0,female,45.0,0.0,1.0,59.4,C
1261.0,0.0,2.0,male,29.0,0.0,0.0,13.8583,C
1262.0,0.0,2.0,male,21.0,1.0,0.0,11.5,S
1263.0,1.0,1.0,female,31.0,0.0,0.0,134.5,C
1264.0,0.0,1.0,male,49.0,0.0,0.0,0.0,S
1265.0,0.0,2.0,male,44.0,0.0,0.0,13.0,S
1266.0,1.0,1.0,female,54.0,1.0,1.0,81.8583,S
1267.0,1.0,1.0,female,45.0,0.0,0.0,262.375,C
1268.0,1.0,3.0,female,22.0,2.0,0.0,8.6625,S
1269.0,0.0,2.0,male,21.0,0.0,0.0,11.5,S
1270.0,0.0,1.0,male,55.0,0.0,0.0,50.0,S
1271.0,0.0,3.0,male,5.0,4.0,2.0,31.3875,S
1273.0,0.0,3.0,male,26.0,0.0,0.0,7.8792,Q
1275.0,1.0,3.0,female,19.0,1.0,0.0,16.1,S
1277.0,1.0,2.0,female,24.0,1.0,2.0,65.0,S
1278.0,0.0,3.0,male,24.0,0.0,0.0,7.775,S
1279.0,0.0,2.0,male,57.0,0.0,0.0,13.0,S
1280.0,0.0,3.0,male,21.0,0.0,0.0,7.75,Q
1281.0,0.0,3.0,male,6.0,3.0,1.0,21.075,S
1282.0,0.0,1.0,male,23.0,0.0,0.0,93.5,S
1283.0,1.0,1.0,female,51.0,0.0,1.0,39.4,S
1284.0,0.0,3.0,male,13.0,0.0,2.0,20.25,S
1285.0,0.0,2.0,male,47.0,0.0,0.0,10.5,S
1286.0,0.0,3.0,male,29.0,3.0,1.0,22.025,S
1287.0,1.0,1.0,female,18.0,1.0,0.0,60.0,S
1288.0,0.0,3.0,male,24.0,0.0,0.0,7.25,Q
1289.0,1.0,1.0,female,48.0,1.0,1.0,79.2,C
1290.0,0.0,3.0,male,22.0,0.0,0.0,7.775,S
1291.0,0.0,3.0,male,31.0,0.0,0.0,7.7333,Q
1292.0,1.0,1.0,female,30.0,0.0,0.0,164.8667,S
1293.0,0.0,2.0,male,38.0,1.0,0.0,21.0,S
1294.0,1.0,1.0,female,22.0,0.0,1.0,59.4,C
1295.0,0.0,1.0,male,17.0,0.0,0.0,47.1,S
1296.0,0.0,1.0,male,43.0,1.0,0.0,27.7208,C
1297.0,0.0,2.0,male,20.0,0.0,0.0,13.8625,C
1298.0,0.0,2.0,male,23.0,1.0,0.0,10.5,S
1299.0,0.0,1.0,male,50.0,1.0,1.0,211.5,C
1301.0,1.0,3.0,female,3.0,1.0,1.0,13.775,S
1303.0,1.0,1.0,female,37.0,1.0,0.0,90.0,Q
1304.0,1.0,3.0,female,28.0,0.0,0.0,7.775,S
1306.0,1.0,1.0,female,39.0,0.0,0.0,108.9,C
1307.0,0.0,3.0,male,38.5,0.0,0.0,7.25,S
